,index,Year,SegDir,Segment,Direction,Period,Hours/Day,Peak,4Periods,Length,Speed GP,Capacity GP,Alpha GP,Beta GP,Speed ML,Capacity ML,Alpha ML,Beta ML,MinToll,MinCapture,AADT Lights,AADT MediumA,AADT MediumB,AADT HeavyA,AADT HeavyB,GrowthFactor,GrowthFactor_medium,GrowthFactor_heavy,MaxToll,Soft Cap,MaxCapture,MaxCap_aux,Min Speed,B1,B2,TotalLights,TotalMediumA,TotalMediumB,TotalHeavyA,TotalHeavyB,TotalVeh,Corridor PCE pre-fix,Suppressed ratio ref,Max VC,Suppressed ratio,Corridor PCE,Suppressed Demand,PCE ratio,HOV3,InScopeLights,InScopeMediumA,InScopeMediumB,InScopeHeavyA,InScopeHeavyB,InScopeVeh,TollLights,TollMediumA,TollMediumB,CaptureRateLights,CaptureRateMediumA,VOT Lights,VOT MediumA,Speed GP Real,Speed ML Real,Bounus Seg,Time ML,Time GP,Time Savings,BonusRel,MLVeh_Lights,GPVeh_Lights,MLVeh_MediumA,GPVeh_MediumA,MLVeh,GPVeh,GPVehDay,ML PCE,ML V/C,ML Volume,ML PCE Total,GP PCE,GP Volume,GP PCE Total,Highway PCE,Highway Volume,Highway PCE Total,Highway V/C,TollLightsPerSeg,TollMediumAPerSeg,TollBlend,RevenuePerHour,RevenuePerHourLights,RevenuePerHourMediumA,RevenuePerDay,RevenuePerDayLights,RevenuePerDayMediumA,TransactionsDay_Lights,TransactionsDay_MediumA,TransactionsDay,TransactionsLightsLength,TransactionsMediumALength,TotalVeh_hours,Difference in Travel Time,Implied Min VOT
0,0,2025,1NB,1,NB,Night,8,OP,NT,3.0,65,14000,1,6,70,1800,1,6,0.2,0,1830.0,226.0,0.0,0.0,0.0,1.0,1.0,1.0,1.5,0.75,0.11992005329780146,0.11992005329780146,30,4.009,0.708,1830.0,226.0,0.0,0.0,0.0,2056.0,2508.0,1.0,1.2,0.1425,2508.0,0.0,1.0,0.0,1738.5,214.7,0.0,0.0,0.0,1953.1999999999998,5.999645145652779,29.998225728263893,,0.0015646730045752926,0.0009663015579843998,4638.596222443229,23192.98111221614,64.99786881622946,70.0,0.0,2.5714285714285716,2.7693215682027934,-0.19789299677422179,0.00012439459167280266,2.720184018454146,1827.2798159815459,0.20746494449925063,225.79253505550074,2.9276489629533966,2053.0723510370467,16424.578808296374,3.342578851951898,0.0018569882510843878,26.740630815615184,80.22189244684554,2504.6574211480483,20037.259369184387,60111.77810755316,2508.0000000000005,20064.000000000004,60192.00000000001,0.1791428571428572,17.998935436958337,89.99467718479168,7.700280792765866,67.63115723217284,48.960416524802056,18.670740707370783,541.0492578573827,391.68333219841645,149.36592565896626,21.761472147633167,1.659719555994005,23.421191703627173,65.2844164428995,4.979158667982015,16448.0,-0.0714590169110077,1819.0573421345994
1,1,2025,1NB,1,NB,AM-Early,1,OP,AM,3.0,65,14000,1,6,70,1800,1,6,0.2,0,3467.0,429.0,0.0,0.0,0.0,1.0,1.0,1.0,1.5,0.75,0.11992005329780146,0.11992005329780146,30,3.82,0.715,3467.0,429.0,0.0,0.0,0.0,3896.0,4754.0,1.0,1.2,0.2701136363636364,4754.0,0.0,1.0,0.0,3293.6499999999996,407.54999999999995,0.0,0.0,0.0,3701.2,5.999980246080552,29.999901230402763,,0.002964283048752181,0.0018339898037375148,4544.900861750426,22724.50430875213,64.9019932426761,69.99999999999385,1.5938116022374125,2.5714285714287977,2.7734125102592624,-0.20198393883046473,0.005728985209035537,9.76331086352262,3457.2366891364773,0.747442544513224,428.2525574554868,10.510753408035843,3885.489246591964,3885.489246591964,12.005638497062291,0.006669799165034606,12.005638497062291,36.01691549118687,4741.994361502938,4741.994361502938,14225.983084508814,4754.0,4754.0,14262.000000000002,0.3395714285714286,17.999940738241655,89.99970369120828,7.706666847149839,243.00862448483102,175.7390169524381,67.26960753239291,243.00862448483102,175.7390169524381,67.26960753239291,9.76331086352262,0.747442544513224,10.510753408035843,29.289932590567858,2.242327633539672,3896.0,-0.07282866796168846,1782.3140634315396
2,2,2025,1NB,1,NB,AM-Peak,2,Peak,AM,3.0,65,14000,1,6,70,1800,1,6,0.2,0,4855.0,600.0,0.0,0.0,0.0,1.0,1.0,1.0,1.5,0.75,0.11992005329780146,0.11992005329780146,30,3.82,0.715,4855.0,600.0,0.0,0.0,0.0,5455.0,6655.0,1.0,1.2,0.378125,6655.0,0.0,1.0,0.0,4612.25,570.0,0.0,0.0,0.0,5182.25,5.9999495987652045,29.999747993826023,,0.004151031122754458,0.0025650486555881527,4007.2838394103146,20036.419197051575,64.27401879181795,69.99999999965054,3.454522958734439,2.571428571441409,2.800509496426788,-0.22908092498537913,0.04285185625854569,19.14559329592425,4835.854406704076,1.462077733685247,598.5379222663148,20.6076710296095,5434.392328970391,10868.784657940781,23.531826496979992,0.013073236942766662,47.063652993959984,141.19095898187996,6631.46817350302,13262.93634700604,39788.80904101812,6655.0,13310.0,39930.0,0.47535714285714287,17.999848796295613,89.99924398147807,7.7026927566861545,476.20367511583254,344.61778444200746,131.58589067382508,952.4073502316651,689.2355688840149,263.17178134765015,38.2911865918485,2.924155467370494,41.215342059219,114.8735597755455,8.772466402111483,10910.0,-0.08179973154087387,1571.4838585922803
3,3,2025,1NB,1,NB,AM-Shoulder,1,OP,AM,3.0,65,14000,1,6,70,1800,1,6,0.2,0,4132.0,511.0,0.0,0.0,0.0,1.0,1.0,1.0,1.5,0.75,0.11992005329780146,0.11992005329780146,30,3.82,0.715,4132.0,511.0,0.0,0.0,0.0,4643.0,5665.0,1.0,1.2,0.321875,5665.0,0.0,1.0,0.0,3925.3999999999996,485.45,0.0,0.0,0.0,4410.849999999999,5.9999860887370415,29.99993044368521,,0.0035328575896852116,0.0021845378414191265,4376.830537441994,21884.15268720997,64.72098837681622,69.99999999994945,1.8909753471023167,2.5714285714304284,2.781168899214123,-0.20974032778369445,0.016355238077193784,13.867879182550329,4118.1321208174495,1.0604838951169149,509.93951610488307,14.928363077667244,4628.071636922333,4628.071636922333,17.049330867901073,0.009471850482167263,17.049330867901073,51.147992603703216,5647.9506691320985,5647.9506691320985,16943.852007396294,5665.0,5665.0,16994.999999999996,0.40464285714285714,17.999958266211124,89.99979133105563,7.704898699698389,345.0645757972314,249.62124652676394,95.44332927046743,345.0645757972314,249.62124652676394,95.44332927046743,13.867879182550329,1.0604838951169149,14.928363077667244,41.60363754765099,3.1814516853507446,4643.0,-0.07541445175910062,1716.4041323301935
4,4,2025,1NB,1,NB,MD,5,OP,MD,3.0,65,14000,1,6,70,1800,1,6,0.2,0,5636.0,697.0,0.0,0.0,0.0,1.0,1.0,1.0,1.5,0.75,0.11992005329780146,0.11992005329780146,30,3.823,0.708,5636.0,697.0,0.0,0.0,0.0,6333.0,7727.0,1.0,1.2,0.4390340909090909,7727.0,0.0,1.0,0.0,5354.2,662.15,0.0,0.0,0.0,6016.349999999999,5.999812696496819,29.999063482484093,,0.004818821393412445,0.002979902890675299,3348.124883132362,16740.62441566181,63.255478333339795,69.99999999790352,2.5537939593698487,2.571428571505585,2.8456033333816113,-0.2741747618760262,0.10463041288665285,25.800933504608913,5610.199066495391,1.9731426990606493,695.0268573009394,27.774076203669562,6305.22592379633,31526.12961898165,31.720361601790863,0.017622423112106034,158.60180800895432,475.80542402686297,7695.2796383982095,38476.398191991044,115429.19457597313,7727.0,38635.0,115905.0,0.5519285714285714,17.999438089490457,89.99719044745228,7.70478196798747,641.9796045346295,464.4023052672682,177.5772992673613,3209.8980226731474,2322.011526336341,887.8864963368064,129.00466752304456,9.865713495303247,138.8703810183478,387.0140025691337,29.59714048590974,31665.0,-0.09635030949665317,1312.990150247985
5,5,2025,1NB,1,NB,PM-Shoulder,1,OP,PM,3.0,65,14000,1,6,70,1800,1,6,0.2,0,7121.0,880.0,0.0,0.0,0.0,1.0,1.0,1.0,1.5,0.75,0.11992005329780146,0.11992005329780146,30,4.005,0.592,7121.0,880.0,0.0,0.0,0.0,8001.0,9761.0,1.0,1.2,0.5546022727272727,9761.0,0.0,1.0,0.0,6764.95,836.0,0.0,0.0,0.0,7600.95,5.999882857761908,29.99941428880954,,0.006088484164755054,0.0037621783792436527,1813.7416647364748,9068.708323682373,58.48799338986685,69.99999996535878,3.1942749366965817,2.571428572701106,3.0775547179429363,-0.5061261452418302,0.42240380973566916,41.1882909503597,7079.811709049641,3.1451811250476935,876.8548188749523,44.33347207540739,7956.6665279245935,7956.6665279245935,50.623834325502784,0.028124352403057103,50.623834325502784,151.87150297650834,9710.376165674497,9710.376165674497,29131.128497023492,9761.0,9761.0,29283.0,0.6972142857142857,17.999648573285725,89.99824286642863,7.702498730900155,1024.4355371916688,741.3747624407193,283.0607747509495,1024.4355371916688,741.3747624407193,283.0607747509495,41.1882909503597,3.1451811250476935,44.33347207540739,123.5648728510791,9.43554337514308,8001.0,-0.16445723687412753,711.2712410731274
6,6,2025,1NB,1,NB,PM-Peak,3,Peak,PM,3.0,65,14000,1,6,70,1800,1,6,0.2,0,6508.0,804.0,0.0,0.0,0.0,1.0,1.0,1.0,1.5,0.75,0.11992005329780146,0.11992005329780146,30,4.005,0.592,6508.0,804.0,0.0,0.0,0.0,7312.0,8920.0,1.0,1.2,0.5068181818181818,8920.0,0.0,1.0,0.0,6182.599999999999,763.8,0.0,0.0,0.0,6946.4,5.9999988778582125,29.99999438929106,,0.005564331642761955,0.0034370916112004437,2429.501971727123,12147.509858635614,61.031768072114076,69.99999998824734,4.579765161067671,2.571428571860302,2.9492837203620765,-0.3778551485017747,0.24667254304989106,34.40203681454006,6473.59796318546,2.625250572634899,801.3747494273651,37.02728738717496,7274.972712612825,21824.918137838475,42.27778853244476,0.023487660295802643,126.83336559733428,380.50009679200286,8877.722211467555,26633.166634402667,79899.499903208,8920.0,26760.0,80280.0,0.6371428571428571,17.99999663357464,89.99998316787318,7.701608863510234,855.5090541984223,619.2365468498319,236.27250734859032,2566.527162595267,1857.7096405494958,708.8175220457709,103.20611044362019,7.875751717904697,111.08186216152488,309.61833133086054,23.62725515371409,21936.0,-0.12811759882341409,952.7458712655384
7,7,2025,1NB,1,NB,PM-Late,3,OP,PM,3.0,65,14000,1,6,70,1800,1,6,0.2,0,5882.0,727.0,0.0,0.0,0.0,1.0,1.0,1.0,1.5,0.75,0.11992005329780146,0.11992005329780146,30,4.005,0.592,5882.0,727.0,0.0,0.0,0.0,6609.0,8063.0,1.0,1.2,0.458125,8063.0,0.0,1.0,0.0,5587.9,690.65,0.0,0.0,0.0,6278.549999999999,5.999965662238523,29.999828311192616,,0.0050291123319869775,0.003107964440277375,3098.2947499535558,15491.47374976778,62.767658455289585,69.99999999650436,2.660503002893963,2.5714285715569827,2.867718892655792,-0.29629032109880926,0.1349287290922806,28.10217679991003,5853.89782320009,2.1465156406775687,724.8534843593225,30.248692440587597,6578.751307559412,19736.25392267824,34.54172372194274,0.01918984651219041,103.62517116582822,310.8755134974847,8028.458276278057,24085.374828834174,72256.12448650252,8063.0,24189.000000000004,72567.0,0.5759285714285715,17.99989698671557,89.99948493357785,7.703050205521764,699.0215895636989,505.83628750084875,193.18530206285004,2097.0647686910966,1517.5088625025462,579.5559061885501,84.3065303997301,6.439546922032706,90.7460773217628,252.91959119919028,19.31864076609812,19827.0,-0.10331916487965634,1215.0175490013944
8,8,2025,1SB,1,SB,Night,8,OP,NT,3.0,65,14000,1,6,70,1800,1,6,0.2,0,1785.0,221.0,0.0,0.0,0.0,1.0,1.0,1.0,1.5,0.75,0.11992005329780146,0.11992005329780146,30,4.009,0.708,1785.0,221.0,0.0,0.0,0.0,2006.0,2448.0,1.0,1.2,0.1390909090909091,2448.0,0.0,1.0,0.0,1695.75,209.95,0.0,0.0,0.0,1905.6999999999998,5.999627525679105,29.998137628395526,,0.0015262003558655698,0.0009449257628116589,4638.870059427967,23194.350297139837,64.9981566375491,70.0,0.0,2.5714285714285716,2.7693093052428956,-0.19788073381432403,0.00010759433661275132,2.58805425345904,1782.411945746541,0.19838716390230776,220.8016128360977,2.7864414173613476,2003.2135585826388,16025.70846866111,3.1832157451659633,0.0017684531917588685,25.465725961327706,76.39717788398312,2444.816784254834,19558.534274038673,58675.60282211602,2448.0,19584.0,58752.00000000001,0.17485714285714285,17.998882577037314,89.99441288518658,7.708257151801757,64.43582095035669,46.582084611011226,17.853736339345467,515.4865676028535,372.6566768880898,142.82989071476374,20.70443402767232,1.587097311218462,22.29153133889078,62.11330208301696,4.761291933655386,16048.0,-0.07145490517786995,1819.164729187438
9,9,2025,1SB,1,SB,AM-Early,1,OP,AM,3.0,65,14000,1,6,70,1800,1,6,0.2,0,7354.0,909.0,0.0,0.0,0.0,1.0,1.0,1.0,1.5,0.75,0.11992005329780146,0.11992005329780146,30,3.82,0.715,7354.0,909.0,0.0,0.0,0.0,8263.0,10081.0,1.0,1.2,0.5727840909090909,10081.0,0.0,1.0,0.0,6986.299999999999,863.55,0.0,0.0,0.0,7849.849999999999,5.999999121195721,29.999995605978604,,0.006287915552133857,0.0038862609471188286,1606.063896933235,8030.319484666175,57.269901345802026,69.99999994898585,3.2938369790012363,2.5714285733025606,3.143012224050117,-0.5715836507475562,0.5120805931025056,43.92926442187276,7310.070735578127,3.3559806408844643,905.6440193591155,47.28524506275723,8215.714754937242,8215.714754937242,53.99720634452615,0.029998447969181195,53.99720634452615,161.99161903357844,10027.002793655472,10027.002793655472,30081.008380966417,10080.999999999998,10080.999999999998,30242.999999999996,0.7200714285714285,17.999997363587163,89.99998681793582,7.703353380591622,1092.7648572188825,790.726643778033,302.0382134408496,1092.7648572188825,790.726643778033,302.0382134408496,43.92926442187276,3.3559806408844643,47.28524506275723,131.7877932656183,10.067941922653393,8263.0,-0.18185855160658837,629.8289791895039
10,10,2025,1SB,1,SB,AM-Peak,2,Peak,AM,3.0,65,14000,1,6,70,1800,1,6,0.2,0,7993.0,988.0,0.0,0.0,0.0,1.0,1.0,1.0,1.5,0.75,0.11992005329780146,0.11992005329780146,30,3.82,0.715,7993.0,988.0,0.0,0.0,0.0,8981.0,10957.0,1.0,1.2,0.6225568181818182,10957.0,0.0,1.0,0.0,7593.349999999999,938.5999999999999,0.0,0.0,0.0,8531.949999999999,5.999999850738661,29.999999253693304,,0.0068367564429867,0.004226957365546693,1130.1251022228923,5650.625511114462,53.19576503039493,69.9999998609898,5.569733575249137,2.5714285765350686,3.383728007241776,-0.8122994307067075,0.8418612160750797,51.91388453635305,7941.086115463647,3.9674221833021255,984.0325778166979,55.88130671965518,8925.118693280345,17850.23738656069,63.816151086259424,0.03545341727014412,127.63230217251885,382.89690651755654,10893.18384891374,21786.36769782748,65359.103093482445,10957.0,21914.0,65742.0,0.7826428571428572,17.999999552215982,89.99999776107991,7.703935131067903,1291.5178860225974,934.4498984081472,357.0679876144501,2583.035772045195,1868.8997968162944,714.1359752289002,103.8277690727061,7.934844366604251,111.76261343931036,311.4833072181183,23.80453309981275,17962.0,-0.24006049805665322,443.1863145972127
11,11,2025,1SB,1,SB,AM-Shoulder,1,OP,AM,3.0,65,14000,1,6,70,1800,1,6,0.2,0,6891.0,852.0,0.0,0.0,0.0,1.0,1.0,1.0,1.5,0.75,0.11992005329780146,0.11992005329780146,30,3.82,0.715,6891.0,852.0,0.0,0.0,0.0,7743.0,9447.0,1.0,1.2,0.5367613636363636,9447.0,0.0,1.0,0.0,6546.45,809.4,0.0,0.0,0.0,7355.849999999999,5.999994997484558,29.99997498742279,,0.005891843113036613,0.003642349318335491,2033.414768153186,10167.07384076593,59.545754716038424,69.99999997661388,3.096274830171141,2.5714285722876533,3.02288552489398,-0.45145695260632657,0.3475070152585986,38.570656347338534,6852.429343652661,2.948117538260746,849.0518824617393,41.51877388559928,7701.481226114401,7701.481226114401,47.41500896212077,0.026341671645622653,47.41500896212077,142.24502688636233,9399.584991037878,9399.584991037878,28198.754973113635,9447.0,9447.0,28340.999999999996,0.6747857142857143,17.999984992453676,89.99992496226837,7.704158085758825,959.6015926245963,694.2712354011818,265.33035722341447,959.6015926245963,694.2712354011818,265.33035722341447,38.570656347338534,2.948117538260746,41.51877388559928,115.7119690420156,8.844352614782238,7743.0,-0.14934636091525838,797.4175561385042
12,12,2025,1SB,1,SB,MD,5,OP,MD,3.0,65,14000,1,6,70,1800,1,6,0.2,0,5561.0,687.0,0.0,0.0,0.0,1.0,1.0,1.0,1.5,0.75,0.11992005329780146,0.11992005329780146,30,3.823,0.708,5561.0,687.0,0.0,0.0,0.0,6248.0,7622.0,1.0,1.2,0.4330681818181818,7622.0,0.0,1.0,0.0,5282.95,652.65,0.0,0.0,0.0,5935.599999999999,5.999039807008636,29.99519903504318,,0.004754894111408818,0.0029381091764890356,3422.5408626360754,17112.704313180377,63.38904395969162,69.99999999821804,2.5203455025550503,2.571428571494031,2.8396074267102054,-0.26817885521617457,0.09641602074682697,25.119867845867212,5535.880132154133,1.917556954035569,685.0824430459644,27.03742479990278,6220.9625752000975,31104.812876000487,30.87253870797392,0.017151410393318845,154.3626935398696,463.08808061960883,7591.127461292026,37955.63730646013,113866.91191938039,7622.0,38110.0,114330.0,0.5444285714285715,17.997119421025907,89.98559710512953,7.700903144157072,624.6377689544452,452.085261462461,172.5525074919841,3123.188844772226,2260.426307312305,862.7625374599205,125.59933922933607,9.587784770177844,135.18712399951391,376.7980176880082,28.763354310533533,31240.0,-0.09444222912421035,1342.1728873082648
13,13,2025,1SB,1,SB,PM-Shoulder,1,OP,PM,3.0,65,14000,1,6,70,1800,1,6,0.2,0,6430.0,795.0,0.0,0.0,0.0,1.0,1.0,1.0,1.5,0.75,0.11992005329780146,0.11992005329780146,30,4.005,0.592,6430.0,795.0,0.0,0.0,0.0,7225.0,8815.0,1.0,1.2,0.5008522727272727,8815.0,0.0,1.0,0.0,6108.5,755.25,0.0,0.0,0.0,6863.75,5.999994254755211,29.999971273776055,,0.005497643762300336,0.003398622835384254,2511.1867274933597,12555.9336374668,61.287185442873586,69.99999998981228,2.8980441850555656,2.571428571802814,2.936992434866826,-0.3655638630640121,0.2298334819213981,33.5823569220116,6396.417643077988,2.566809896423958,792.4331901035761,36.14916681843555,7188.850833181564,7188.850833181564,41.28278661128347,0.02293488145071304,41.28278661128347,123.84835983385041,8773.717213388716,8773.717213388716,26321.15164016615,8815.0,8815.0,26445.0,0.6296428571428572,17.99998276426563,89.99991382132816,7.704138055241186,835.4945152535138,604.4818457796254,231.01266947388848,835.4945152535138,604.4818457796254,231.01266947388848,33.5823569220116,2.566809896423958,36.14916681843555,100.7470707660348,7.700429689271873,7225.0,-0.12446877926009643,984.7791088209253
14,14,2025,1SB,1,SB,PM-Peak,3,Peak,PM,3.0,65,14000,1,6,70,1800,1,6,0.2,0,6004.0,742.0,0.0,0.0,0.0,1.0,1.0,1.0,1.5,0.75,0.11992005329780146,0.11992005329780146,30,4.005,0.592,6004.0,742.0,0.0,0.0,0.0,6746.0,8230.0,1.0,1.2,0.46761363636363634,8230.0,0.0,1.0,0.0,5703.8,704.9,0.0,0.0,0.0,6408.7,5.999998681817556,29.99999340908778,,0.005133412124855689,0.003172043436364597,2969.7052577414156,14848.526288707077,62.48806456398724,69.99999999552905,4.239699867245361,2.5714285715928105,2.880550089940481,-0.3091215183476703,0.1525074693723044,29.279956077751876,5974.720043922248,2.2359734182934043,739.7640265817066,31.51592949604528,6714.484070503954,20143.452211511863,35.98787633263209,0.01999326462924005,107.96362899789628,323.8908869936888,8194.012123667368,24582.036371002105,73746.10911300631,8230.0,24690.0,74070.0,0.5878571428571429,17.99999604545267,89.99998022726334,7.702736031071112,728.2766570456545,527.0390936105616,201.2375634350928,2184.8299711369636,1581.1172808316849,603.7126903052783,87.83986823325563,6.707920254880213,94.54778848813584,263.5196046997669,20.123760764640636,20238.0,-0.10731336331459437,1164.5902971534963
15,15,2025,1SB,1,SB,PM-Late,3,OP,PM,3.0,65,14000,1,6,70,1800,1,6,0.2,0,3804.0,470.0,0.0,0.0,0.0,1.0,1.0,1.0,1.5,0.75,0.11992005329780146,0.11992005329780146,30,4.005,0.592,3804.0,470.0,0.0,0.0,0.0,4274.0,5214.0,1.0,1.2,0.29625,5214.0,0.0,1.0,0.0,3613.7999999999997,446.5,0.0,0.0,0.0,4060.2999999999997,5.999996715759162,29.999983578795806,,0.0032524159003636524,0.002009250458354053,4476.523275241657,22382.616376208283,64.82986097128621,69.9999999999813,1.744184656990238,2.5714285714292586,2.7764983188799954,-0.2050697474507368,0.00995654301944014,11.753580580734166,3792.2464194192657,0.8971303296550845,469.1028696703449,12.65071091038925,4261.3492890896105,12784.047867268831,14.444971569699419,0.008024984205388566,43.33491470909826,130.00474412729477,5199.555028430301,15598.665085290902,46795.99525587271,5214.0,15642.0,46926.00000000001,0.37242857142857144,17.999990147277487,89.99995073638742,7.701965583648759,292.3060201215236,211.564334648447,80.74168547307661,876.9180603645708,634.6930039453409,242.22505641922984,35.2607417422025,2.691390988965254,37.95213273116775,105.7822252266075,8.074172966895762,12822.0,-0.07385912898137802,1755.499323624179
16,16,2025,2NB,2,NB,Night,8,OP,NT,2.2,65,14000,1,6,70,1800,1,6,0.2,0,2760.0,341.0,0.0,0.0,0.0,1.0,1.0,1.0,1.5,0.75,0.11992005329780146,0.11992005329780146,30,4.009,0.708,2760.0,341.0,0.0,0.0,0.0,3101.0,3783.0,1.0,1.2,0.2149431818181818,3783.0,0.0,1.0,0.0,2622.0,323.95,0.0,0.0,0.0,2945.95,5.999988397987067,29.999941989935337,,0.0017305143563114097,0.0010690309197311947,4616.056271787524,23080.281358937616,64.97493014742442,69.99999999999994,0.0,1.8857142857142872,2.0315527804416185,-0.14583849472733124,0.001073463051170896,4.537408642248516,2755.4625913577515,0.34631256644692054,340.6536874335531,4.8837212086954365,3096.1162787913045,24768.930230330436,5.576346341589277,0.0030979701897718205,44.610770732714215,98.14369561197128,3777.423653658411,30219.389229267286,66482.65630438803,3783.0,30264.0,66580.8,0.27021428571428574,13.19997447557155,65.99987237785774,7.701863908046086,82.7502634512633,59.893678262918165,22.856585188345136,662.0021076101063,479.1494261033453,182.8526815067611,36.29926913798813,2.7705005315753644,39.06976966956349,79.85839210357389,6.095101169465802,24808.0,-0.07178671217965053,2468.479289725948
17,17,2025,2NB,2,NB,AM-Early,1,OP,AM,2.2,65,14000,1,6,70,1800,1,6,0.2,0,5911.0,731.0,0.0,0.0,0.0,1.0,1.0,1.0,1.5,0.75,0.11992005329780146,0.11992005329780146,30,3.82,0.715,5911.0,731.0,0.0,0.0,0.0,6642.0,8104.0,1.0,1.2,0.46045454545454545,8104.0,0.0,1.0,0.0,5615.45,694.4499999999999,0.0,0.0,0.0,6309.9,5.999936803346685,29.999684016733426,,0.003706203925913957,0.0022917431772903484,3059.7136935860894,15298.568467930449,62.68602331636569,69.99999999942253,1.9811081302850706,1.8857142857298421,2.1057325543497707,-0.22001826861992857,0.10269975330533959,20.81200283577353,5890.1879971642265,1.5915010494692823,729.4084989505308,22.403503885242813,6619.596496114757,6619.596496114757,25.58650598418138,0.014214725546767433,25.58650598418138,56.29031316519904,8078.413494015818,8078.413494015818,17772.5096868348,8104.0,8104.0,17828.8,0.5788571428571428,13.199860967362708,65.99930483681354,7.704831853368835,379.75350679660085,274.715543884569,105.03796291203182,379.75350679660085,274.715543884569,105.03796291203182,20.81200283577353,1.5915010494692823,22.403503885242813,45.78640623870177,3.5013023088324213,6642.0,-0.10448538118738826,1636.2105313294596
18,18,2025,2NB,2,NB,AM-Peak,2,Peak,AM,2.2,65,14000,1,6,70,1800,1,6,0.2,0,7043.0,871.0,0.0,0.0,0.0,1.0,1.0,1.0,1.5,0.75,0.11992005329780146,0.11992005329780146,30,3.82,0.715,7043.0,871.0,0.0,0.0,0.0,7914.0,9656.0,1.0,1.2,0.5486363636363636,9656.0,0.0,1.0,0.0,6690.849999999999,827.4499999999999,0.0,0.0,0.0,7518.299999999999,5.9999910952471245,29.999955476235623,,0.004416043317772906,0.002730687440762092,1876.35815648722,9381.7907824361,58.81058607859694,69.99999999527131,3.6681628924852117,1.885714285841671,2.2444938709433986,-0.3587795851017277,0.29280275703860964,29.547083432720843,7013.452916567279,2.259507322858593,868.7404926771414,31.806590755579435,7882.193409244421,15764.386818488842,36.32560540129662,0.020180891889609233,72.65121080259324,159.83266376570515,9619.674394598704,19239.348789197407,42326.5673362343,9656.0,19312.0,42486.40000000001,0.6897142857142857,13.199980409543675,65.99990204771838,7.704923751623581,539.148184455837,390.0209224710676,149.12726198476952,1078.296368911674,780.0418449421352,298.25452396953904,59.094166865441686,4.519014645717186,63.61318151115887,130.0071671039717,9.94183222057781,15828.0,-0.15984877024900343,1003.4000836830053
19,19,2025,2NB,2,NB,AM-Shoulder,1,OP,AM,2.2,65,14000,1,6,70,1800,1,6,0.2,0,6733.0,832.0,0.0,0.0,0.0,1.0,1.0,1.0,1.5,0.75,0.11992005329780146,0.11992005329780146,30,3.82,0.715,6733.0,832.0,0.0,0.0,0.0,7565.0,9229.0,1.0,1.2,0.524375,9229.0,0.0,1.0,0.0,6396.349999999999,790.4,0.0,0.0,0.0,7186.75,5.999998050642005,29.999990253210026,,0.0042216109839433025,0.0026083436683328183,2184.6705880910154,10923.352940455077,60.167886765667504,69.99999999724999,2.2471893248316994,1.8857142857883678,2.193861328620249,-0.3081470428318811,0.22343617405589467,27.00290141714574,6705.997098582854,2.0616348354502594,829.9383651645497,29.064536252596,7535.935463747403,7535.935463747403,33.18780592349652,0.018437669957498067,33.18780592349652,73.01317303169235,9195.812194076503,9195.812194076503,20230.78682696831,9229.0,9229.0,20303.800000000003,0.6592142857142858,13.199995711412411,65.99997855706206,7.70238956810272,492.5060378342252,356.4381829020159,136.0678549322093,492.5060378342252,356.4381829020159,136.0678549322093,27.00290141714574,2.0616348354502594,29.064536252596,59.40638311772063,4.5355966379905714,7565.0,-0.14045876045669634,1168.2730417599012
20,20,2025,2NB,2,NB,MD,5,OP,MD,2.2,65,14000,1,6,70,1800,1,6,0.2,0,7928.0,980.0,0.0,0.0,0.0,1.0,1.0,1.0,1.5,0.75,0.11992005329780146,0.11992005329780146,30,3.823,0.708,7928.0,980.0,0.0,0.0,0.0,8908.0,10868.0,1.0,1.2,0.6175,10868.0,0.0,1.0,0.0,7531.599999999999,931.0,0.0,0.0,0.0,8462.6,5.9999985896507475,29.999992948253738,,0.004972857467262586,0.0030745606445010507,1164.113263525122,5820.566317625609,53.57124605956167,69.99999998039705,2.6309143527469785,1.8857142862423653,2.46400839460108,-0.5782941083587148,0.5935376544496334,37.45357330043489,7890.546426699565,2.862415960030478,977.1375840399695,40.315989260465365,8867.684010739535,44338.42005369767,46.04082118052632,0.02557823398918129,230.20410590263162,506.44903298578964,10821.959178819474,54109.79589409737,119041.55096701422,10868.0,54340.0,119548.00000000001,0.7762857142857142,13.199996897231646,65.99998448615823,7.70398671329263,683.3064603109218,494.38705135597854,188.91940895494326,3416.532301554609,2471.935256779893,944.5970447747163,187.26786650217446,14.312079800152391,201.57994630232685,411.98930630478384,31.486575560335265,44540.0,-0.23469648464908735,622.5204617781401
21,21,2025,2NB,2,NB,PM-Shoulder,1,OP,PM,2.2,65,14000,1,6,70,1800,1,6,0.2,0,7153.0,884.0,0.0,0.0,0.0,1.0,1.0,1.0,1.5,0.75,0.11992005329780146,0.11992005329780146,30,4.005,0.592,7153.0,884.0,0.0,0.0,0.0,8037.0,9805.0,1.0,1.2,0.5571022727272728,9805.0,0.0,1.0,0.0,6795.349999999999,839.8,0.0,0.0,0.0,7635.15,5.998923512705737,29.994617563528685,,0.004485192136111636,0.002772599041825618,1774.7012567369648,8873.506283684825,58.27872005071403,69.99999999430977,2.3825752712669455,1.8857142858675735,2.264977677703523,-0.3792633918359496,0.32086557229998036,30.4784503821262,7122.5215496178735,2.328428675325154,881.6715713246748,32.806879057451354,8004.193120942548,8004.193120942548,37.46373640810167,0.020813186893389814,37.46373640810167,82.42022009782367,9767.536263591897,9767.536263591897,21488.579779902175,9804.999999999998,9804.999999999998,21571.0,0.7003571428571427,13.197631727952622,65.98815863976311,7.701988958657543,555.8920845907082,402.2433637819785,153.64872080872976,555.8920845907082,402.2433637819785,153.64872080872976,30.4784503821262,2.328428675325154,32.806879057451354,67.05259084067765,5.12254308571534,8037.0,-0.16744685635069367,949.038105206933
22,22,2025,2NB,2,NB,PM-Peak,3,Peak,PM,2.2,65,14000,1,6,70,1800,1,6,0.2,0,7219.0,892.0,0.0,0.0,0.0,1.0,1.0,1.0,1.5,0.75,0.11992005329780146,0.11992005329780146,30,4.005,0.592,7219.0,892.0,0.0,0.0,0.0,8111.0,9895.0,1.0,1.2,0.5622159090909091,9895.0,0.0,1.0,0.0,6858.049999999999,847.4,0.0,0.0,0.0,7705.45,5.999998304301769,29.999991521508846,,0.004526310005723292,0.0027964184950770785,1715.5514623379845,8577.757311689922,57.94240113353929,69.9999999936543,3.755762017018964,1.8857142858852312,2.278124437677011,-0.39241015179177996,0.33887663346365876,31.04166033475062,7187.95833966525,2.369685032728316,889.6303149672717,33.41134536747894,8077.588654632522,24232.765963897567,38.15071543293557,0.02119484190718643,114.45214629880671,251.79472185737478,9856.849284567064,29570.547853701195,65055.20527814263,9895.0,29685.0,65307.00000000001,0.7067857142857142,13.199996269463893,65.99998134731946,7.702187308871269,566.1489685757645,409.7498006166735,156.39916795909096,1698.4469057272934,1229.2494018500206,469.1975038772729,93.12498100425186,7.109055098184948,100.23403610243682,204.8749582093541,15.639921216006886,24333.0,-0.1722514123029724,917.4071991112215
23,23,2025,2NB,2,NB,PM-Late,3,OP,PM,2.2,65,14000,1,6,70,1800,1,6,0.2,0,7295.0,902.0,0.0,0.0,0.0,1.0,1.0,1.0,1.5,0.75,0.11992005329780146,0.11992005329780146,30,4.005,0.592,7295.0,902.0,0.0,0.0,0.0,8197.0,10001.0,1.0,1.2,0.5682386363636364,10001.0,0.0,1.0,0.0,6930.25,856.9,0.0,0.0,0.0,7787.15,5.999958495720398,29.999792478601993,,0.004573971064694052,0.0028278137108734575,1647.2597865887135,8236.298932943568,57.53162733576104,69.99999999279346,2.428534891743828,1.885714285908421,2.294390166119119,-0.4086758802106978,0.3611606814293465,31.698762971095952,7263.301237028904,2.4231535688474657,899.5768464311525,34.12191653994342,8162.878083460057,24488.63425038017,38.96822367763835,0.021649013154243526,116.90467103291505,257.19027627241314,9962.031776322361,29886.095328967083,65749.40972372759,10001.0,30003.0,66006.6,0.7143571428571428,13.199908690584877,65.99954345292439,7.70429662395212,578.3478060832167,418.42077682295957,159.92702926025711,1735.0434182496501,1255.2623304688786,479.7810877807714,95.09628891328785,7.269460706542397,102.36574961983024,209.21183560923328,15.992813554393274,24591.0,-0.17811960940451502,880.8875864110769
24,24,2025,2SB,2,SB,Night,8,OP,NT,2.2,65,14000,1,6,70,1800,1,6,0.2,0,2817.0,348.0,0.0,0.0,0.0,1.0,1.0,1.0,1.5,0.75,0.11992005329780146,0.11992005329780146,30,4.009,0.708,2817.0,348.0,0.0,0.0,0.0,3165.0,3861.0,1.0,1.2,0.219375,3861.0,0.0,1.0,0.0,2676.15,330.59999999999997,0.0,0.0,0.0,3006.75,5.999944303249318,29.99972151624659,,0.0017662480643932286,0.001090998323820547,4612.799042674476,23063.995213372382,64.97167099270678,69.99999999999993,0.0,1.8857142857142877,2.031654688622943,-0.1459404029086555,0.0012130772595857773,4.726744757525939,2812.273255242474,0.36068404585507274,347.63931595414493,5.0874288033810116,3159.912571196619,25279.30056957295,5.808796895091158,0.003227109386161754,46.47037516072926,102.23482535360438,3855.1912031049087,30841.52962483927,67851.3651746464,3861.0,30888.0,67953.6,0.2757857142857143,13.199877467148502,65.99938733574251,7.701459367018152,86.19737766604061,62.392451617828954,23.80492604821166,689.5790213283249,499.13961294263163,190.43940838569327,37.81395806020751,2.885472366840582,40.69943042704809,83.19070773245653,6.348039207049281,25320.0,-0.07183327153275934,2466.737455975656
25,25,2025,2SB,2,SB,AM-Early,1,OP,AM,2.2,65,14000,1,6,70,1800,1,6,0.2,0,9535.0,1178.0,0.0,0.0,0.0,1.0,1.0,1.0,1.5,0.75,0.11992005329780146,0.11992005329780146,30,3.82,0.715,9535.0,1178.0,0.0,0.0,0.0,10713.0,13069.0,1.0,1.2,0.7425568181818182,13069.0,0.0,1.0,0.0,9058.25,1119.1,0.0,0.0,0.0,10177.35,1.1135326794097935,5.5676633970489675,,0.07453213684356824,0.07461932479860664,128.1426157123511,640.7130785617555,45.58664951796941,68.72888274345968,1.2430247285850042,1.9205899285851737,2.8955845932035,-0.9749946646183263,1.1847970465349493,675.130728563252,8859.869271436748,83.50648638212068,1094.4935136178792,758.6372149453726,9954.362785054627,9954.362785054627,925.6501877096141,0.5142501042831189,925.6501877096141,2036.4304129611512,12143.349812290386,12143.349812290386,26715.36958703885,13069.0,13069.0,28751.800000000003,0.9335,2.449771894701546,12.24885947350773,1.6038181528735547,2676.775500904616,1653.916284083633,1022.8592168209832,2676.775500904616,1653.916284083633,1022.8592168209832,675.130728563252,83.50648638212068,758.6372149453726,1485.2876028391545,183.71427004066553,10713.0,-0.3367177277109529,68.52546294778134
26,26,2025,2SB,2,SB,AM-Peak,2,Peak,AM,2.2,65,14000,1,6,70,1800,1,6,0.2,0,8678.0,1073.0,0.0,0.0,0.0,1.0,1.0,1.0,1.5,0.75,0.11992005329780146,0.11992005329780146,30,3.82,0.715,8678.0,1073.0,0.0,0.0,0.0,9751.0,11897.0,1.0,1.2,0.6759659090909091,11897.0,0.0,1.0,0.0,8244.1,1019.3499999999999,0.0,0.0,0.0,9263.449999999999,0.6827865878985832,3.413932939492916,,0.07700348437612105,0.07705126332749086,126.47901992656993,632.3950996328497,52.47397182239298,69.11608562165729,1.6721470041858995,1.9098303790317408,2.5155328521114484,-0.6057024730797076,0.664126161238838,634.8244255451796,8043.175574454821,78.54220527287781,994.4577947271222,713.3666308180574,9037.633369181944,18075.266738363887,870.4510413638129,0.48358391186878497,1740.9020827276258,3829.984582000777,11026.548958636187,22053.097917272375,48516.81541799923,11897.0,23794.0,52346.8,0.8497857142857143,1.502130493376883,7.510652466884416,0.9834878656289453,1543.4923353391587,953.5891275518769,589.9032077872819,3086.9846706783173,1907.1782551037538,1179.8064155745637,1269.6488510903591,157.08441054575562,1426.7332616361148,2793.2274723987903,345.5857032006624,19502.0,-0.24078495837226002,67.6358395329251
27,27,2025,2SB,2,SB,AM-Shoulder,1,OP,AM,2.2,65,14000,1,6,70,1800,1,6,0.2,0,8461.0,1046.0,0.0,0.0,0.0,1.0,1.0,1.0,1.5,0.75,0.11992005329780146,0.11992005329780146,30,3.82,0.715,8461.0,1046.0,0.0,0.0,0.0,9507.0,11599.0,1.0,1.2,0.6590340909090909,11599.0,0.0,1.0,0.0,8037.95,993.6999999999999,0.0,0.0,0.0,9031.65,0.6027287921138748,3.013643960569374,,0.07786793642861099,0.07790866089884585,125.9262136098342,629.6310680491711,53.990227480984316,69.1875835379084,1.0223919618731847,1.907856775019122,2.444886901921115,-0.537030126901993,0.5673412094780813,625.8985796163537,7835.101420383647,77.41783633518311,968.5821636648169,703.3164159515368,8803.683584048464,8803.683584048464,858.152088621903,0.47675116034550163,858.152088621903,1887.9345949681867,10740.847911378098,10740.847911378098,23629.86540503182,11599.0,11599.0,25517.800000000007,0.8285,1.3260033426505247,6.6300167132526235,0.868111245439633,1343.2251575376208,829.9436087315005,513.2815488061202,1343.2251575376208,829.9436087315005,513.2815488061202,625.8985796163537,77.41783633518311,703.3164159515368,1376.9768751559782,170.31923993740287,9507.0,-0.21965438420894304,67.34022118172953
28,28,2025,2SB,2,SB,MD,5,OP,MD,2.2,65,14000,1,6,70,1800,1,6,0.2,0,7027.0,868.0,0.0,0.0,0.0,1.0,1.0,1.0,1.5,0.75,0.11992005329780146,0.11992005329780146,30,3.823,0.708,7027.0,868.0,0.0,0.0,0.0,7895.0,9631.0,1.0,1.2,0.5472159090909091,9631.0,0.0,1.0,0.0,6675.65,824.5999999999999,0.0,0.0,0.0,7500.25,5.999991049135541,29.999955245677704,,0.0044059875676198835,0.0027212550560836994,1893.7087923326176,9468.543961663088,58.896844973737885,69.99999999541089,2.3417378547921266,1.8857142858379108,2.2412066394873755,-0.35549235364946474,0.2882992499438582,29.412830905781675,6997.587169094219,2.243946919246618,865.7560530807534,31.656777825028293,7863.343222174972,39316.716110874855,36.14467166352153,0.02008037314640085,180.72335831760765,397.59138829873683,9594.855328336478,47974.27664168239,105543.40861170126,9631.0,48154.99999999999,105941.0,0.6879285714285714,13.19998030809819,65.99990154049095,7.701195322625488,536.3490644941048,388.24878876174,148.1002757323648,2681.745322470524,1941.2439438087,740.501378661824,147.06415452890838,11.21973459623309,158.28388912514146,323.5411399635984,24.683416111712802,39475.0,-0.1586165003200131,1012.6784985735922
29,29,2025,2SB,2,SB,PM-Shoulder,1,OP,PM,2.2,65,14000,1,6,70,1800,1,6,0.2,0,6866.0,849.0,0.0,0.0,0.0,1.0,1.0,1.0,1.5,0.75,0.11992005329780146,0.11992005329780146,30,4.005,0.592,6866.0,849.0,0.0,0.0,0.0,7715.0,9413.0,1.0,1.2,0.5348295454545454,9413.0,0.0,1.0,0.0,6522.7,806.55,0.0,0.0,0.0,7329.25,5.999953147645199,29.999765738225996,,0.004304984886071812,0.0026616542093701803,2048.8221817160975,10244.110908580486,59.61276772132936,69.99999999651729,2.2905111756712935,1.8857142858081057,2.21429074753009,-0.3285764617219842,0.251424477962377,28.080124916380605,6837.919875083619,2.146757202567519,846.8532427974325,30.226882118948122,7684.773117881052,7684.773117881052,34.52039652408316,0.01917799806893509,34.52039652408316,75.94487235298296,9378.479603475917,9378.479603475917,20632.655127647016,9413.0,9413.0,20708.6,0.6723571428571429,13.199896924819438,65.99948462409719,7.704454800721844,512.3396235148028,370.654754532278,141.68486898252485,512.3396235148028,370.654754532278,141.68486898252485,28.080124916380605,2.146757202567519,30.226882118948122,61.776274816037336,4.722865845648542,7715.0,-0.1483890325100675,1095.626835142298
30,30,2025,2SB,2,SB,PM-Peak,3,Peak,PM,2.2,65,14000,1,6,70,1800,1,6,0.2,0,7013.0,867.0,0.0,0.0,0.0,1.0,1.0,1.0,1.5,0.75,0.11992005329780146,0.11992005329780146,30,4.005,0.592,7013.0,867.0,0.0,0.0,0.0,7880.0,9614.0,1.0,1.2,0.54625,9614.0,0.0,1.0,0.0,6662.349999999999,823.65,0.0,0.0,0.0,7486.0,5.999955086494499,29.999775432472493,,0.004397154190520878,0.0027180849177918763,1905.5429231340963,9527.714615670482,58.954975305375214,69.9999999955113,3.6527456018359636,1.8857142858352056,2.2389967821420647,-0.35328249630685904,0.28527174538078265,29.29538022121677,6983.704619778783,2.2387506425392787,864.7612493574608,31.53413086375605,7848.465869136244,23545.397607408733,36.01163214883461,0.020006462304908115,108.03489644650382,237.67677218230844,9577.988367851165,28733.965103553495,63214.723227817696,9614.0,28842.0,63452.4,0.6867142857142857,13.199901190287898,65.99950595143949,7.703810932483263,534.4525606080359,386.6961242519758,147.7564363560601,1603.3576818241077,1160.0883727559274,443.2693090681803,87.88614066365031,6.7162519276178365,94.60239259126814,193.3495094600307,14.775754240759241,23640.0,-0.15778606701206202,1019.0069107668965
31,31,2025,2SB,2,SB,PM-Late,3,OP,PM,2.2,65,14000,1,6,70,1800,1,6,0.2,0,5774.0,714.0,0.0,0.0,0.0,1.0,1.0,1.0,1.5,0.75,0.11992005329780146,0.11992005329780146,30,4.005,0.592,5774.0,714.0,0.0,0.0,0.0,6488.0,7916.0,1.0,1.2,0.44977272727272727,7916.0,0.0,1.0,0.0,5485.3,678.3,0.0,0.0,0.0,6163.599999999999,5.999986751968588,29.99993375984294,,0.0036202954775691994,0.0022384025590427245,3202.664169543086,16013.320847715428,62.97968876647485,69.99999999956427,1.9364287348856128,1.8857142857260238,2.0959138189686612,-0.2101995332426374,0.08924808583321965,19.85840678311033,5754.141593216889,1.51830845579868,712.4816915442013,21.376715238909007,6466.623284761091,19399.86985428327,24.41333215050637,0.013562962305836873,73.23999645151912,161.12799219334207,7891.586667849493,23674.76000354848,52084.47200780666,7915.999999999999,23748.0,52245.600000000006,0.5654285714285714,13.199970854330894,65.99985427165447,7.704613588857471,362.3385275726369,262.1303907505033,100.20813682213361,1087.0155827179108,786.3911722515099,300.62441046640083,59.57522034933099,4.55492536739604,64.13014571672703,131.0654847685282,10.020835808271288,19464.0,-0.10029016047333021,1712.654636119297
